모듈의 파라미터,,,"모듈의 타입 (2: Melee, 3: MeleeAoe, 4: Projectile, 5: Teleport, 6: Dash, 7: HideAppear, 8: EffectHit)",,,,,,,,,,,
"모듈 파라미터 id
(220001부터 1씩 증가)",스킬 이펙트 파일명,스킬 이펙트 지속시간,모듈의 타입,타격 횟수,판정 범위,순간이동 후 간격,반복 횟수,반복 간격,대쉬 거리,대쉬 시간(초),투사체 파일명,투사체 속도,스킬 효과음 위치,스킬 시전거리
Module_Param_Id,Skill_Effect_Name,Skill_Effect_Time,Module_Type,Hit_Count,Aoe_Radius,Behind_Offset,Repeat_Count,Repeat_Interval,Dash_Distance,Dash_Duration,Projectile_Name,Projectile_Speed,Skill_Sfx_Patch,SkillCast_Range
int,string,float,enum,int,float,float,int,float,float,float,string,float,string,float
220001,Sword Slash 7,,3,4,2.4,0,0,0,0,0,0,0,0,2
220002,FX_DoubleMix_Slash,,2,1,1,0.5,0,0,0,0,0,0,0,1
220003,FX_Pierce1_Slash(Clone),,2,1,3,0,0,0,0,0,0,0,0,2.5
220004,FX_Pierce2_Slash,,2,1,3,0,0,0,0,0,0,0,0,2.5
220005,FX_Slash_CrossPierce_fire,,2,1,3,0,0,0,0,0,0,0,0,2.5
220006,FX_Slash_StarPierce_fire,,6,1,3,0,0,0,4,1,0,0,0,2.5
220007,Effect_11_EternalSlashDance,,3,"3,5,8,10",20,0,4,"0.2,0.2,2.75",0,0,0,0,0,15