센션 별 보상,,,,,(오버드라이브 게이지 상승템)
섹션 Id (110001 부터 1씩 증가),섹션에서 드랍되는 골드,드랍되는 골드의 상승값,해당 섹션의 총 경험치,드랍되는 경험치의 상승값,섹션에서 드랍되는 오브
Section_Id,Section_Gold,Section_Gold_Value,Section_Exp,Section_Exp_Value,Section_Orb
int,int,float,string,float,float
130001,1500,0.6,3000,0.6,10
130002,1509,0.6,3018,0.6,10
130003,1518,0.6,3036,0.6,10
130004,1527,0.6,3054,0.6,10
130005,1536,0.6,3073,0.6,10
130006,1545,0.6,3091,0.6,10
130007,1554,0.6,3110,0.6,10
130008,1563,0.6,3128,0.6,10
130009,1575,0.6,3147,0.6,10
130010,1584,0.6,3166,0.6,10
130011,1593,0.6,3185,0.6,10
130012,1602,0.6,3204,0.6,10
130013,1611,0.6,3223,0.6,10
130014,1620,0.6,3243,0.6,10
130015,1632,0.6,3262,0.6,10
130016,1641,0.6,3282,0.6,10
130017,1650,0.6,3301,0.6,10
130018,1662,0.6,3321,0.6,10
130019,1671,0.6,3341,0.6,10
130020,1680,0.6,3361,0.6,10
130021,1692,0.6,3381,0.6,10
130022,1701,0.6,3402,0.6,10
130023,1710,0.6,3422,0.6,10
130024,1722,0.6,3443,0.6,10
130025,1731,0.6,3463,0.6,10
130026,1743,0.6,3484,0.6,10
130027,1752,0.6,3505,0.6,10
130028,1764,0.6,3526,0.6,10
130029,1773,0.6,3547,0.6,10
130030,1785,0.6,3568,0.6,10
130031,1794,0.6,3590,0.6,10
130032,1806,0.6,3611,0.6,10
130033,1815,0.6,3633,0.6,10
130034,1827,0.6,3655,0.6,10
130035,1839,0.6,3677,0.6,10
130036,1848,0.6,3699,0.6,10
130037,1860,0.6,3721,0.6,10
130038,1872,0.6,3743,0.6,10
130039,1884,0.6,3766,0.6,10
130040,1893,0.6,3788,0.6,10
130041,1905,0.6,3811,0.6,10
130042,1917,0.6,3834,0.6,10
130043,1929,0.6,3857,0.6,10
130044,1941,0.6,3880,0.6,10
130045,1953,0.6,3903,0.6,10
130046,1962,0.6,3927,0.6,10
130047,1974,0.6,3950,0.6,10
130048,1986,0.6,3974,0.6,10
130049,1998,0.6,3998,0.6,10
130050,2010,0.6,4022,0.6,10
130051,2022,0.6,4046,0.6,10
130052,2034,0.6,4070,0.6,10
130053,2046,0.6,4095,0.6,10
130054,2061,0.6,4119,0.6,10
130055,2073,0.6,4144,0.6,10
130056,2085,0.6,4169,0.6,10
130057,2097,0.6,4194,0.6,10
130058,2109,0.6,4219,0.6,10
130059,2121,0.6,4244,0.6,10
130060,2136,0.6,4270,0.6,10
130061,2148,0.6,4295,0.6,10
130062,2160,0.6,4321,0.6,10
130063,2175,0.6,4347,0.6,10
130064,2187,0.6,4373,0.6,10
130065,2199,0.6,4399,0.6,10
130066,2214,0.6,4426,0.6,10
130067,2226,0.6,4452,0.6,10
130068,2241,0.6,4479,0.6,10
130069,2253,0.6,4506,0.6,10
130070,2265,0.6,4533,0.6,10
130071,2280,0.6,4560,0.6,10
130072,2295,0.6,4588,0.6,10
130073,2307,0.6,4615,0.6,10
130074,2322,0.6,4643,0.6,10
130075,2334,0.6,4671,0.6,10
130076,2349,0.6,4699,0.6,10
130077,2364,0.6,4727,0.6,10
130078,2379,0.6,4755,0.6,10
130079,2391,0.6,4784,0.6,10
130080,2406,0.6,4812,0.6,10
130081,2421,0.6,4841,0.6,10
130082,2436,0.6,4870,0.6,10
130083,2451,0.6,4900,0.6,10
130084,2463,0.6,4929,0.6,10
130085,2478,0.6,4959,0.6,10
130086,2493,0.6,4988,0.6,10
130087,2508,0.6,5018,0.6,10
130088,2523,0.6,5048,0.6,10
130089,2538,0.6,5079,0.6,10
130090,2556,0.6,5109,0.6,10
130091,2571,0.6,5140,0.6,10
130092,2586,0.6,5171,0.6,10
130093,2601,0.6,5202,0.6,10
130094,2616,0.6,5233,0.6,10
130095,2631,0.6,5264,0.6,10
130096,2649,0.6,5296,0.6,10
130097,2664,0.6,5328,0.6,10
130098,2679,0.6,5360,0.6,10
130099,2697,0.6,5392,0.6,10
130100,2712,0.6,5424,0.6,10
130101,2727,0.6,5457,0.6,10
130102,2745,0.6,5489,0.6,10
130103,2760,0.6,5522,0.6,10
130104,2778,0.6,5555,0.6,10
130105,2793,0.6,5589,0.6,10
130106,2811,0.6,5622,0.6,10
130107,2829,0.6,5656,0.6,10
130108,2844,0.6,5690,0.6,10
130109,2862,0.6,5724,0.6,10
130110,2880,0.6,5758,0.6,10
130111,2895,0.6,5793,0.6,10
130112,2913,0.6,5828,0.6,10
130113,2931,0.6,5863,0.6,10
130114,2949,0.6,5898,0.6,10
130115,2967,0.6,5933,0.6,10
130116,2985,0.6,5969,0.6,10
130117,3003,0.6,6005,0.6,10
130118,3021,0.6,6041,0.6,10
130119,3039,0.6,6077,0.6,10
130120,3057,0.6,6113,0.6,10
130121,3075,0.6,6150,0.6,10
130122,3093,0.6,6187,0.6,10
130123,3111,0.6,6224,0.6,10
130124,3132,0.6,6261,0.6,10
130125,3150,0.6,6299,0.6,10
130126,3168,0.6,6337,0.6,10
130127,3186,0.6,6375,0.6,10
130128,3207,0.6,6413,0.6,10
130129,3225,0.6,6452,0.6,10
130130,3246,0.6,6490,0.6,10
130131,3264,0.6,6529,0.6,10
130132,3285,0.6,6568,0.6,10
130133,3303,0.6,6608,0.6,10
130134,3324,0.6,6647,0.6,10
130135,3345,0.6,6687,0.6,10
130136,3363,0.6,6727,0.6,10
130137,3384,0.6,6768,0.6,10
130138,3405,0.6,6808,0.6,10
130139,3426,0.6,6849,0.6,10
130140,3444,0.6,6890,0.6,10
130141,3465,0.6,6932,0.6,10
130142,3486,0.6,6973,0.6,10
130143,3507,0.6,7015,0.6,10
130144,3528,0.6,7057,0.6,10
130145,3549,0.6,7100,0.6,10
130146,3570,0.6,7142,0.6,10
130147,3591,0.6,7185,0.6,10
130148,3615,0.6,7228,0.6,10
130149,3636,0.6,7271,0.6,10
130150,3657,0.6,7315,0.6,10
130151,3678,0.6,7359,0.6,10
130152,3702,0.6,7403,0.6,10
130153,3723,0.6,7448,0.6,10
130154,3747,0.6,7492,0.6,10
130155,3768,0.6,7537,0.6,10
130156,3792,0.6,7582,0.6,10
130157,3813,0.6,7628,0.6,10
130158,3837,0.6,7674,0.6,10
130159,3861,0.6,7720,0.6,10
130160,3882,0.6,7766,0.6,10
130161,3906,0.6,7813,0.6,10
130162,3930,0.6,7860,0.6,10
130163,3954,0.6,7907,0.6,10
130164,3978,0.6,7954,0.6,10
130165,4002,0.6,8002,0.6,10
130166,4026,0.6,8050,0.6,10
130167,4050,0.6,8098,0.6,10
130168,4074,0.6,8147,0.6,10
130169,4098,0.6,8196,0.6,10
130170,4122,0.6,8245,0.6,10
130171,4146,0.6,8294,0.6,10
130172,4173,0.6,8344,0.6,10
130173,4197,0.6,8394,0.6,10
130174,4221,0.6,8444,0.6,10
130175,4248,0.6,8495,0.6,10
130176,4272,0.6,8546,0.6,10
130177,4299,0.6,8597,0.6,10
130178,4323,0.6,8649,0.6,10
130179,4350,0.6,8701,0.6,10
130180,4377,0.6,8753,0.6,10
130181,4404,0.6,8806,0.6,10
130182,4428,0.6,8858,0.6,10
130183,4455,0.6,8912,0.6,10
130184,4482,0.6,8965,0.6,10
130185,4509,0.6,9019,0.6,10
130186,4536,0.6,9073,0.6,10
130187,4563,0.6,9127,0.6,10
130188,4590,0.6,9182,0.6,10
130189,4620,0.6,9237,0.6,10
130190,4647,0.6,9293,0.6,10
130191,4674,0.6,9348,0.6,10
130192,4701,0.6,9404,0.6,10
130193,4731,0.6,9461,0.6,10
130194,4758,0.6,9518,0.6,10
130195,4788,0.6,9575,0.6,10
130196,4815,0.6,9632,0.6,10
130197,4845,0.6,9690,0.6,10
130198,4875,0.6,9748,0.6,10
130199,4902,0.6,9807,0.6,10
130200,4932,0.6,9866,0.6,10
130201,4962,0.6,9925,0.6,10
130202,4992,0.6,9984,0.6,10
130203,5022,0.6,10044,0.6,10
130204,5052,0.6,10104,0.6,10
130205,5082,0.6,10165,0.6,10
130206,5112,0.6,10226,0.6,10
130207,5145,0.6,10287,0.6,10
130208,5175,0.6,10349,0.6,10
130209,5205,0.6,10411,0.6,10
130210,5238,0.6,10474,0.6,10
130211,5268,0.6,10537,0.6,10
130212,5301,0.6,10600,0.6,10
130213,5331,0.6,10663,0.6,10
130214,5364,0.6,10727,0.6,10
130215,5397,0.6,10792,0.6,10
130216,5427,0.6,10856,0.6,10
130217,5460,0.6,10922,0.6,10
130218,5493,0.6,10987,0.6,10
130219,5526,0.6,11053,0.6,10
130220,5559,0.6,11119,0.6,10
130221,5592,0.6,11186,0.6,10
130222,5628,0.6,11253,0.6,10
130223,5661,0.6,11321,0.6,10
130224,5694,0.6,11389,0.6,10
130225,5727,0.6,11457,0.6,10
130226,5763,0.6,11526,0.6,10
130227,5796,0.6,11595,0.6,10
130228,5832,0.6,11664,0.6,10
130229,5868,0.6,11734,0.6,10
130230,5901,0.6,11805,0.6,10
130231,5937,0.6,11876,0.6,10
130232,5973,0.6,11947,0.6,10
130233,6009,0.6,12019,0.6,10
130234,6045,0.6,12091,0.6,10
130235,6081,0.6,12163,0.6,10
130236,6117,0.6,12236,0.6,10
130237,6156,0.6,12310,0.6,10
130238,6192,0.6,12383,0.6,10
130239,6228,0.6,12458,0.6,10
130240,6267,0.6,12533,0.6,10
130241,6303,0.6,12608,0.6,10
130242,6342,0.6,12683,0.6,10
130243,6381,0.6,12759,0.6,10
130244,6417,0.6,12836,0.6,10
130245,6456,0.6,12913,0.6,10
130246,6495,0.6,12991,0.6,10
130247,6534,0.6,13068,0.6,10
130248,6573,0.6,13147,0.6,10
130249,6612,0.6,13226,0.6,10
130250,6654,0.6,13305,0.6,10
130251,6693,0.6,13385,0.6,10
130252,6732,0.6,13465,0.6,10
130253,6774,0.6,13546,0.6,10
130254,6813,0.6,13627,0.6,10
130255,6855,0.6,13709,0.6,10
130256,6897,0.6,13791,0.6,10
130257,6936,0.6,13874,0.6,10
130258,6978,0.6,13957,0.6,10
130259,7020,0.6,14041,0.6,10
130260,7062,0.6,14125,0.6,10
130261,7104,0.6,14210,0.6,10
130262,7149,0.6,14295,0.6,10
130263,7191,0.6,14381,0.6,10
130264,7233,0.6,14467,0.6,10
130265,7278,0.6,14554,0.6,10
130266,7320,0.6,14642,0.6,10
130267,7365,0.6,14729,0.6,10
130268,7410,0.6,14818,0.6,10
130269,7452,0.6,14907,0.6,10
130270,7497,0.6,14996,0.6,10
130271,7542,0.6,15086,0.6,10
130272,7587,0.6,15177,0.6,10
130273,7635,0.6,15268,0.6,10
130274,7680,0.6,15359,0.6,10
130275,7725,0.6,15451,0.6,10
130276,7773,0.6,15544,0.6,10
130277,7818,0.6,15637,0.6,10
130278,7866,0.6,15731,0.6,10
130279,7914,0.6,15826,0.6,10
130280,7959,0.6,15921,0.6,10
130281,8007,0.6,16016,0.6,10
130282,8055,0.6,16112,0.6,10
130283,8103,0.6,16209,0.6,10
130284,8154,0.6,16306,0.6,10
130285,8202,0.6,16404,0.6,10
130286,8250,0.6,16502,0.6,10
130287,8301,0.6,16601,0.6,10
130288,8349,0.6,16701,0.6,10
130289,8400,0.6,16801,0.6,10
130290,8451,0.6,16902,0.6,10
130291,8502,0.6,17003,0.6,10
130292,8553,0.6,17105,0.6,10
130293,8604,0.6,17208,0.6,10
130294,8655,0.6,17311,0.6,10
130295,8709,0.6,17415,0.6,10
130296,8760,0.6,17520,0.6,10
130297,8811,0.6,17625,0.6,10
130298,8865,0.6,17731,0.6,10
130299,8919,0.6,17837,0.6,10
130300,8973,0.6,17944,0.6,10
130301,9027,0.6,18052,0.6,10
130302,9081,0.6,18160,0.6,10
130303,9135,0.6,18269,0.6,10
130304,9189,0.6,18378,0.6,10
130305,9243,0.6,18489,0.6,10
130306,9300,0.6,18600,0.6,10
130307,9357,0.6,18711,0.6,10
130308,9411,0.6,18824,0.6,10
130309,9468,0.6,18936,0.6,10
130310,9525,0.6,19050,0.6,10
130311,9582,0.6,19164,0.6,10
130312,9639,0.6,19279,0.6,10
130313,9699,0.6,19395,0.6,10
130314,9756,0.6,19511,0.6,10
130315,9813,0.6,19629,0.6,10
130316,9873,0.6,19746,0.6,10
130317,9933,0.6,19865,0.6,10
130318,9993,0.6,19984,0.6,10
130319,10053,0.6,20104,0.6,10
130320,10113,0.6,20224,0.6,10
130321,10173,0.6,20346,0.6,10
130322,10233,0.6,20468,0.6,10
130323,10296,0.6,20591,0.6,10
130324,10356,0.6,20714,0.6,10
130325,10419,0.6,20839,0.6,10
130326,10482,0.6,20964,0.6,10
130327,10545,0.6,21089,0.6,10
130328,10608,0.6,21216,0.6,10
130329,10671,0.6,21343,0.6,10
130330,10737,0.6,21471,0.6,10
130331,10800,0.6,21600,0.6,10
130332,10866,0.6,21730,0.6,10
130333,10929,0.6,21860,0.6,10
130334,10995,0.6,21991,0.6,10
130335,11061,0.6,22123,0.6,10
130336,11127,0.6,22256,0.6,10
130337,11196,0.6,22389,0.6,10
130338,11262,0.6,22524,0.6,10
130339,11328,0.6,22659,0.6,10
130340,11397,0.6,22795,0.6,10
130341,11466,0.6,22932,0.6,10
130342,11535,0.6,23069,0.6,10
130343,11604,0.6,23208,0.6,10
130344,11673,0.6,23347,0.6,10
130345,11742,0.6,23487,0.6,10
130346,11814,0.6,23628,0.6,10
130347,11886,0.6,23770,0.6,10
130348,11955,0.6,23912,0.6,10
130349,12027,0.6,24056,0.6,10
130350,12099,0.6,24200,0.6,10
130351,12174,0.6,24345,0.6,10
130352,12246,0.6,24491,0.6,10
130353,12318,0.6,24638,0.6,10
130354,12393,0.6,24786,0.6,10
130355,12468,0.6,24935,0.6,10
130356,12543,0.6,25084,0.6,10
130357,12618,0.6,25235,0.6,10
130358,12693,0.6,25386,0.6,10
130359,12768,0.6,25539,0.6,10
130360,12846,0.6,25692,0.6,10
130361,12924,0.6,25846,0.6,10
130362,13002,0.6,26001,0.6,10
130363,13080,0.6,26157,0.6,10
130364,13158,0.6,26314,0.6,10
130365,13236,0.6,26472,0.6,10
130366,13314,0.6,26631,0.6,10
130367,13395,0.6,26791,0.6,10
130368,13476,0.6,26951,0.6,10
130369,13557,0.6,27113,0.6,10
130370,13638,0.6,27276,0.6,10
130371,13719,0.6,27439,0.6,10
130372,13803,0.6,27604,0.6,10
130373,13884,0.6,27770,0.6,10
130374,13968,0.6,27936,0.6,10
130375,14052,0.6,28104,0.6,10
130376,14136,0.6,28272,0.6,10
130377,14220,0.6,28442,0.6,10
130378,14307,0.6,28613,0.6,10
130379,14391,0.6,28784,0.6,10
130380,14478,0.6,28957,0.6,10
130381,14565,0.6,29131,0.6,10
130382,14652,0.6,29306,0.6,10
130383,14742,0.6,29482,0.6,10
130384,14829,0.6,29658,0.6,10
130385,14919,0.6,29836,0.6,10
130386,15009,0.6,30015,0.6,10
130387,15099,0.6,30195,0.6,10
130388,15189,0.6,30377,0.6,10
130389,15279,0.6,30559,0.6,10
130390,15372,0.6,30742,0.6,10
130391,15462,0.6,30927,0.6,10
130392,15555,0.6,31112,0.6,10
130393,15648,0.6,31299,0.6,10
130394,15744,0.6,31487,0.6,10
130395,15837,0.6,31676,0.6,10
130396,15933,0.6,31866,0.6,10
130397,16029,0.6,32057,0.6,10
130398,16125,0.6,32249,0.6,10
130399,16221,0.6,32443,0.6,10
130400,16320,0.6,32637,0.6,10
130401,16416,0.6,32833,0.6,10
130402,16515,0.6,33030,0.6,10
130403,16614,0.6,33228,0.6,10
130404,16713,0.6,33428,0.6,10
130405,16815,0.6,33628,0.6,10
130406,16914,0.6,33830,0.6,10
130407,17016,0.6,34033,0.6,10
130408,17118,0.6,34237,0.6,10
130409,17220,0.6,34443,0.6,10
130410,17325,0.6,34649,0.6,10
130411,17430,0.6,34857,0.6,10
130412,17532,0.6,35066,0.6,10
130413,17637,0.6,35277,0.6,10
130414,17745,0.6,35488,0.6,10
130415,17850,0.6,35701,0.6,10
130416,17958,0.6,35916,0.6,10
130417,18066,0.6,36131,0.6,10
130418,18174,0.6,36348,0.6,10
130419,18282,0.6,36566,0.6,10
130420,18393,0.6,36785,0.6,10
130421,18504,0.6,37006,0.6,10
130422,18615,0.6,37228,0.6,10
130423,18726,0.6,37451,0.6,10
130424,18837,0.6,37676,0.6,10
130425,18951,0.6,37902,0.6,10
130426,19065,0.6,38130,0.6,10
130427,19179,0.6,38358,0.6,10
130428,19293,0.6,38589,0.6,10
130429,19410,0.6,38820,0.6,10
130430,19527,0.6,39053,0.6,10
130431,19644,0.6,39287,0.6,10
130432,19761,0.6,39523,0.6,10
130433,19881,0.6,39760,0.6,10
130434,19998,0.6,39999,0.6,10
130435,20118,0.6,40239,0.6,10
130436,20241,0.6,40480,0.6,10
130437,20361,0.6,40723,0.6,10
130438,20484,0.6,40967,0.6,10
130439,20607,0.6,41213,0.6,10
130440,20730,0.6,41461,0.6,10
130441,20856,0.6,41709,0.6,10
130442,20979,0.6,41960,0.6,10
130443,21105,0.6,42211,0.6,10
130444,21231,0.6,42465,0.6,10
130445,21360,0.6,42719,0.6,10
130446,21489,0.6,42976,0.6,10
130447,21618,0.6,43234,0.6,10
130448,21747,0.6,43493,0.6,10
130449,21876,0.6,43754,0.6,10
130450,22008,0.6,44016,0.6,10
130451,22140,0.6,44281,0.6,10
130452,22272,0.6,44546,0.6,10
130453,22407,0.6,44813,0.6,10
130454,22542,0.6,45082,0.6,10
130455,22677,0.6,45353,0.6,10
130456,22812,0.6,45625,0.6,10
130457,22950,0.6,45899,0.6,10
130458,23088,0.6,46174,0.6,10
130459,23226,0.6,46451,0.6,10
130460,23364,0.6,46730,0.6,10
130461,23505,0.6,47010,0.6,10
130462,23646,0.6,47292,0.6,10
130463,23787,0.6,47576,0.6,10
130464,23931,0.6,47862,0.6,10
130465,24075,0.6,48149,0.6,10
130466,24219,0.6,48438,0.6,10
130467,24363,0.6,48728,0.6,10
130468,24510,0.6,49021,0.6,10
130469,24657,0.6,49315,0.6,10
130470,24804,0.6,49611,0.6,10
130471,24954,0.6,49908,0.6,10
130472,25104,0.6,50208,0.6,10
130473,25254,0.6,50509,0.6,10
130474,25407,0.6,50812,0.6,10
130475,25557,0.6,51117,0.6,10
130476,25713,0.6,51424,0.6,10
130477,25866,0.6,51732,0.6,10
130478,26022,0.6,52042,0.6,10
130479,26178,0.6,52355,0.6,10
130480,26334,0.6,52669,0.6,10
130481,26493,0.6,52985,0.6,10
130482,26652,0.6,53303,0.6,10
130483,26811,0.6,53623,0.6,10
130484,26973,0.6,53944,0.6,10
130485,27135,0.6,54268,0.6,10
130486,27297,0.6,54594,0.6,10
130487,27462,0.6,54921,0.6,10
130488,27624,0.6,55251,0.6,10
130489,27792,0.6,55582,0.6,10
130490,27957,0.6,55916,0.6,10
130491,28125,0.6,56251,0.6,10
130492,28293,0.6,56589,0.6,10
130493,28464,0.6,56928,0.6,10
130494,28635,0.6,57270,0.6,10
130495,28806,0.6,57613,0.6,10
130496,28980,0.6,57959,0.6,10
130497,29154,0.6,58307,0.6,10
130498,29328,0.6,58657,0.6,10
130499,29505,0.6,59009,0.6,10
130500,29682,0.6,59363,0.6,10
130501,29859,1.1,59719,1.1,10
130502,360099,1.1,60376,1.1,10
130503,364059,1.1,61040,1.1,10
130504,368064,1.1,61711,1.1,10
130505,372111,1.1,62390,1.1,10
130506,376206,1.1,63077,1.1,10
130507,380343,1.1,63770,1.1,10
130508,384528,1.1,64472,1.1,10
130509,388758,1.1,65181,1.1,10
130510,393033,1.1,65898,1.1,10
130511,397356,1.1,66623,1.1,10
130512,401727,1.1,67356,1.1,10
130513,406146,1.1,68097,1.1,10
130514,410613,1.1,68846,1.1,10
130515,415131,1.1,69603,1.1,10
130516,419697,1.1,70369,1.1,10
130517,424314,1.1,71143,1.1,10
130518,428982,1.1,71925,1.1,10
130519,433701,1.1,72717,1.1,10
130520,438471,1.1,73516,1.1,10
130521,443295,1.1,74325,1.1,10
130522,448170,1.1,75143,1.1,10
130523,453099,1.1,75969,1.1,10
130524,458085,1.1,76805,1.1,10
130525,463122,1.1,77650,1.1,10
130526,468219,1.1,78504,1.1,10
130527,473367,1.1,79367,1.1,10
130528,478575,1.1,80241,1.1,10
130529,483840,1.1,81123,1.1,10
130530,489162,1.1,82016,1.1,10
130531,494544,1.1,82918,1.1,10
130532,499983,1.1,83830,1.1,10
130533,505482,1.1,84752,1.1,10
130534,511044,1.1,85684,1.1,10
130535,516663,1.1,86627,1.1,10
130536,522348,1.1,87580,1.1,10
130537,528093,1.1,88543,1.1,10
130538,533901,1.1,89517,1.1,10
130539,539775,1.1,90502,1.1,10
130540,545712,1.1,91497,1.1,10
130541,551715,1.1,92504,1.1,10
130542,557784,1.1,93521,1.1,10
130543,563919,1.1,94550,1.1,10
130544,570123,1.1,95590,1.1,10
130545,576396,1.1,96641,1.1,10
130546,582735,1.1,97704,1.1,10
130547,589146,1.1,98779,1.1,10
130548,595626,1.1,99866,1.1,10
130549,602178,1.1,100964,1.1,10
130550,608802,1.1,102075,1.1,10
130551,615498,1.1,103198,1.1,10
130552,622269,1.1,104333,1.1,10
130553,629115,1.1,105481,1.1,10
130554,636033,1.1,106641,1.1,10
130555,643029,1.1,107814,1.1,10
130556,650103,1.1,109000,1.1,10
130557,657255,1.1,110199,1.1,10
130558,664485,1.1,111411,1.1,10
130559,671793,1.1,112637,1.1,10
130560,679185,1.1,113876,1.1,10
130561,686655,1.1,115128,1.1,10
130562,694209,1.1,116395,1.1,10
130563,701844,1.1,117675,1.1,10
130564,709563,1.1,118969,1.1,10
130565,717369,1.1,120278,1.1,10
130566,725262,1.1,121601,1.1,10
130567,733239,1.1,122939,1.1,10
130568,741303,1.1,124291,1.1,10
130569,749460,1.1,125658,1.1,10
130570,757704,1.1,127041,1.1,10
130571,766038,1.1,128438,1.1,10
130572,774465,1.1,129851,1.1,10
130573,782982,1.1,131279,1.1,10
130574,791595,1.1,132723,1.1,10
130575,800304,1.1,134183,1.1,10
130576,809106,1.1,135659,1.1,10
130577,818007,1.1,137151,1.1,10
130578,827004,1.1,138660,1.1,10
130579,836103,1.1,140185,1.1,10
130580,845298,1.1,141727,1.1,10
130581,854598,1.1,143286,1.1,10
130582,863997,1.1,144863,1.1,10
130583,873501,1.1,146456,1.1,10
130584,883110,1.1,148067,1.1,10
130585,892824,1.1,149696,1.1,10
130586,902646,1.1,151342,1.1,10
130587,912576,1.1,153007,1.1,10
130588,922614,1.1,154690,1.1,10
130589,932763,1.1,156392,1.1,10
130590,943023,1.1,158112,1.1,10
130591,953394,1.1,159851,1.1,10
130592,963882,1.1,161610,1.1,10
130593,974484,1.1,163388,1.1,10
130594,985206,1.1,165185,1.1,10
130595,996042,1.1,167002,1.1,10
130596,1006998,1.1,168839,1.1,10
130597,1018077,1.1,170696,1.1,10
130598,1029273,1.1,172574,1.1,10
130599,1040595,1.1,174472,1.1,10
130600,1052043,1.1,176391,1.1,10
130601,1063614,1.1,178332,1.1,10
130602,1075314,1.1,180293,1.1,10
130603,1087143,1.1,182276,1.1,10
130604,1099101,1.1,184281,1.1,10
130605,1111191,1.1,186309,1.1,10
130606,1123416,1.1,188358,1.1,10
130607,1135773,1.1,190430,1.1,10
130608,1148268,1.1,192525,1.1,10
130609,1160898,1.1,194642,1.1,10
130610,1173666,1.1,196783,1.1,10
130611,1186578,1.1,198948,1.1,10
130612,1199631,1.1,201136,1.1,10
130613,1212825,1.1,203349,1.1,10
130614,1226166,1.1,205586,1.1,10
130615,1239654,1.1,207847,1.1,10
130616,1253292,1.1,210134,1.1,10
130617,1267077,1.1,212445,1.1,10
130618,1281015,1.1,214782,1.1,10
130619,1295106,1.1,217145,1.1,10
130620,1309353,1.1,219533,1.1,10
130621,1323756,1.1,221948,1.1,10
130622,1338318,1.1,224389,1.1,10
130623,1353039,1.1,226858,1.1,10
130624,1367922,1.1,229353,1.1,10
130625,1382970,1.1,231876,1.1,10
130626,1398180,1.1,234427,1.1,10
130627,1413561,1.1,237005,1.1,10
130628,1429110,1.1,239612,1.1,10
130629,1444830,1.1,242248,1.1,10
130630,1460724,1.1,244913,1.1,10
130631,1476792,1.1,247607,1.1,10
130632,1493037,1.1,250331,1.1,10
130633,1509459,1.1,253084,1.1,10
130634,1526064,1.1,255868,1.1,10
130635,1542852,1.1,258683,1.1,10
130636,1559823,1.1,261528,1.1,10
130637,1576980,1.1,264405,1.1,10
130638,1594326,1.1,267313,1.1,10
130639,1611864,1.1,270254,1.1,10
130640,1629594,1.1,273227,1.1,10
130641,1647522,1.1,276232,1.1,10
130642,1665642,1.1,279271,1.1,10
130643,1683966,1.1,282343,1.1,10
130644,1702488,1.1,285449,1.1,10
130645,1721217,1.1,288588,1.1,10
130646,1740150,1.1,291763,1.1,10
130647,1759290,1.1,294972,1.1,10
130648,1778643,1.1,298217,1.1,10
130649,1798209,1.1,301497,1.1,10
130650,1817988,1.1,304814,1.1,10
130651,1837986,1.1,308167,1.1,10
130652,1858206,1.1,311557,1.1,10
130653,1878645,1.1,314984,1.1,10
130654,1899309,1.1,318449,1.1,10
130655,1920201,1.1,321952,1.1,10
130656,1941324,1.1,325493,1.1,10
130657,1962678,1.1,329073,1.1,10
130658,1984269,1.1,332693,1.1,10
130659,2006097,1.1,336353,1.1,10
130660,2028162,1.1,340053,1.1,10
130661,2050473,1.1,343793,1.1,10
130662,2073027,1.1,347575,1.1,10
130663,2095830,1.1,351398,1.1,10
130664,2118885,1.1,355264,1.1,10
130665,2142192,1.1,359172,1.1,10
130666,2165757,1.1,363123,1.1,10
130667,2189580,1.1,367117,1.1,10
130668,2213667,1.1,371155,1.1,10
130669,2238015,1.1,375238,1.1,10
130670,2262633,1.1,379365,1.1,10
130671,2287524,1.1,383539,1.1,10
130672,2312685,1.1,387757,1.1,10
130673,2338125,1.1,392023,1.1,10
130674,2363844,1.1,396335,1.1,10
130675,2389848,1.1,400695,1.1,10
130676,2416134,1.1,405102,1.1,10
130677,2442714,1.1,409558,1.1,10
130678,2469582,1.1,414064,1.1,10
130679,2496747,1.1,418618,1.1,10
130680,2524212,1.1,423223,1.1,10
130681,2551980,1.1,427879,1.1,10
130682,2580051,1.1,432585,1.1,10
130683,2608431,1.1,437344,1.1,10
130684,2637123,1.1,442154,1.1,10
130685,2666133,1.1,447018,1.1,10
130686,2695461,1.1,451935,1.1,10
130687,2725110,1.1,456907,1.1,10
130688,2755086,1.1,461933,1.1,10
130689,2785392,1.1,467014,1.1,10
130690,2816031,1.1,472151,1.1,10
130691,2847009,1.1,477345,1.1,10
130692,2878326,1.1,482595,1.1,10
130693,2909985,1.1,487904,1.1,10
130694,2941995,1.1,493271,1.1,10
130695,2974359,1.1,498697,1.1,10
130696,3007077,1.1,504183,1.1,10
130697,3040155,1.1,509729,1.1,10
130698,3073596,1.1,515336,1.1,10
130699,3107406,1.1,521004,1.1,10
130700,3141585,1.1,526735,1.1,10
130701,3176145,1.1,532529,1.1,10
130702,3211080,1.1,538387,1.1,10
130703,3246402,1.1,544310,1.1,10
130704,3282114,1.1,550297,1.1,10
130705,3318216,1.1,556350,1.1,10
130706,3354717,1.1,562470,1.1,10
130707,3391620,1.1,568657,1.1,10
130708,3428928,1.1,574912,1.1,10
130709,3466644,1.1,581237,1.1,10
130710,3504777,1.1,587630,1.1,10
130711,3543330,1.1,594094,1.1,10
130712,3582309,1.1,600629,1.1,10
130713,3621714,1.1,607236,1.1,10
130714,3661551,1.1,613916,1.1,10
130715,3701829,1.1,620669,1.1,10
130716,3742548,1.1,627496,1.1,10
130717,3783717,1.1,634398,1.1,10
130718,3825339,1.1,641377,1.1,10
130719,3867417,1.1,648432,1.1,10
130720,3909957,1.1,655565,1.1,10
130721,3952968,1.1,662776,1.1,10
130722,3996450,1.1,670067,1.1,10
130723,4040412,1.1,677437,1.1,10
130724,4084857,1.1,684889,1.1,10
130725,4129788,1.1,692423,1.1,10
130726,4175217,1.1,700039,1.1,10
130727,4221144,1.1,707740,1.1,10
130728,4267578,1.1,715525,1.1,10
130729,4314519,1.1,723396,1.1,10
130730,4361979,1.1,731353,1.1,10
130731,4409961,1.1,739398,1.1,10
130732,4458471,1.1,747531,1.1,10
130733,4507515,1.1,755754,1.1,10
130734,4557096,1.1,764068,1.1,10
130735,4607226,1.1,772472,1.1,10
130736,4657905,1.1,780970,1.1,10
130737,4709142,1.1,789560,1.1,10
130738,4760943,1.1,798245,1.1,10
130739,4813314,1.1,807026,1.1,10
130740,4866258,1.1,815903,1.1,10
130741,4919787,1.1,824878,1.1,10
130742,4973907,1.1,833952,1.1,10
130743,5028618,1.1,843125,1.1,10
130744,5083935,1.1,852400,1.1,10
130745,5139858,1.1,861776,1.1,10
130746,5196396,1.1,871256,1.1,10
130747,5253555,1.1,880840,1.1,10
130748,5311344,1.1,890529,1.1,10
130749,5369769,1.1,900325,1.1,10
130750,5428836,1.1,910228,1.1,10
130751,5488554,1.1,920241,1.1,10
130752,5548929,1.1,930363,1.1,10
130753,5609967,1.1,940597,1.1,10
130754,5671677,1.1,950944,1.1,10
130755,5734065,1.1,961404,1.1,10
130756,5797140,1.1,971980,1.1,10
130757,5860908,1.1,982671,1.1,10
130758,5925378,1.1,993481,1.1,10
130759,5990556,1.1,1004409,1.1,10
130760,6056454,1.1,1015458,1.1,10
130761,6123075,1.1,1026628,1.1,10
130762,6190428,1.1,1037921,1.1,10
130763,6258522,1.1,1049338,1.1,10
130764,6327366,1.1,1060880,1.1,10
130765,6396966,1.1,1072550,1.1,10
130766,6467334,1.1,1084348,1.1,10
130767,6538476,1.1,1096276,1.1,10
130768,6610398,1.1,1108335,1.1,10
130769,6683112,1.1,1120527,1.1,10
130770,6756627,1.1,1132853,1.1,10
130771,6830949,1.1,1145314,1.1,10
130772,6906090,1.1,1157912,1.1,10
130773,6982056,1.1,1170649,1.1,10
130774,7058859,1.1,1183527,1.1,10
130775,7136508,1.1,1196545,1.1,10
130776,7215009,1.1,1209707,1.1,10
130777,7294374,1.1,1223014,1.1,10
130778,7374612,1.1,1236467,1.1,10
130779,7455732,1.1,1250068,1.1,10
130780,7537746,1.1,1263819,1.1,10
130781,7620660,1.1,1277721,1.1,10
130782,7704489,1.1,1291776,1.1,10
130783,7789236,1.1,1305986,1.1,10
130784,7874919,1.1,1320351,1.1,10
130785,7961544,1.1,1334875,1.1,10
130786,8049120,1.1,1349559,1.1,10
130787,8137659,1.1,1364404,1.1,10
130788,8227176,1.1,1379413,1.1,10
130789,8317674,1.1,1394586,1.1,10
130790,8409168,1.1,1409927,1.1,10
130791,8501670,1.1,1425436,1.1,10
130792,8595186,1.1,1441116,1.1,10
130793,8689734,1.1,1456968,1.1,10
130794,8785320,1.1,1472994,1.1,10
130795,8881959,1.1,1489197,1.1,10
130796,8979660,1.1,1505579,1.1,10
130797,9078438,1.1,1522140,1.1,10
130798,9178299,1.1,1538883,1.1,10
130799,9279261,1.1,1555811,1.1,10
130800,9381333,1.1,1572925,1.1,10
130801,9484527,1.1,1590227,1.1,10
130802,9588858,1.1,1607720,1.1,10
130803,9694335,1.1,1625405,1.1,10
130804,9800973,1.1,1643284,1.1,10
130805,9908784,1.1,1661360,1.1,10
130806,10017780,1.1,1679635,1.1,10
130807,10127976,1.1,1698111,1.1,10
130808,10239384,1.1,1716790,1.1,10
130809,10352016,1.1,1735675,1.1,10
130810,10465890,1.1,1754768,1.1,10
130811,10581015,1.1,1774070,1.1,10
130812,10697406,1.1,1793585,1.1,10
130813,10815078,1.1,1813314,1.1,10
130814,10934043,1.1,1833261,1.1,10
130815,11054316,1.1,1853427,1.1,10
130816,11175915,1.1,1873814,1.1,10
130817,11298849,1.1,1894426,1.1,10
130818,11423136,1.1,1915265,1.1,10
130819,11548791,1.1,1936333,1.1,10
130820,11675829,1.1,1957632,1.1,10
130821,11804262,1.1,1979166,1.1,10
130822,11934108,1.1,2000937,1.1,10
130823,12065385,1.1,2022948,1.1,10
130824,12198102,1.1,2045200,1.1,10
130825,12332283,1.1,2067697,1.1,10
130826,12467937,1.1,2090442,1.1,10
130827,12605085,1.1,2113437,1.1,10
130828,12743742,1.1,2136685,1.1,10
130829,12883923,1.1,2160188,1.1,10
130830,13025646,1.1,2183950,1.1,10
130831,13168926,1.1,2207974,1.1,10
130832,13313784,1.1,2232261,1.1,10
130833,13460238,1.1,2256816,1.1,10
130834,13608300,1.1,2281641,1.1,10
130835,13757991,1.1,2306739,1.1,10
130836,13909329,1.1,2332113,1.1,10
130837,14062332,1.1,2357767,1.1,10
130838,14217018,1.1,2383702,1.1,10
130839,14373405,1.1,2409923,1.1,10
130840,14531511,1.1,2436432,1.1,10
130841,14691357,1.1,2463233,1.1,10
130842,14852964,1.1,2490328,1.1,10
130843,15016347,1.1,2517722,1.1,10
130844,15181527,1.1,2545417,1.1,10
130845,15348522,1.1,2573416,1.1,10
130846,15517356,1.1,2601724,1.1,10
130847,15688047,1.1,2630343,1.1,10
130848,15860616,1.1,2659277,1.1,10
130849,16035084,1.1,2688529,1.1,10
130850,16211469,1.1,2718102,1.1,10
130851,16389795,1.1,2748002,1.1,10
130852,16570083,1.1,2778230,1.1,10
130853,16752354,1.1,2808790,1.1,10
130854,16936629,1.1,2839687,1.1,10
130855,17122932,1.1,2870923,1.1,10
130856,17311284,1.1,2902504,1.1,10
130857,17501709,1.1,2934431,1.1,10
130858,17694228,1.1,2966710,1.1,10
130859,17888865,1.1,2999344,1.1,10
130860,18085641,1.1,3032336,1.1,10
130861,18284583,1.1,3065692,1.1,10
130862,18485715,1.1,3099415,1.1,10
130863,18689058,1.1,3133508,1.1,10
130864,18894636,1.1,3167977,1.1,10
130865,19102476,1.1,3202825,1.1,10
130866,19312605,1.1,3238056,1.1,10
130867,19525044,1.1,3273674,1.1,10
130868,19739820,1.1,3309685,1.1,10
130869,19956957,1.1,3346091,1.1,10
130870,20176482,1.1,3382898,1.1,10
130871,20398425,1.1,3420110,1.1,10
130872,20622807,1.1,3457731,1.1,10
130873,20849658,1.1,3495766,1.1,10
130874,21079005,1.1,3534220,1.1,10
130875,21310872,1.1,3573096,1.1,10
130876,21545292,1.1,3612400,1.1,10
130877,21782292,1.1,3652137,1.1,10
130878,22021896,1.1,3692310,1.1,10
130879,22264137,1.1,3732926,1.1,10
130880,22509042,1.1,3773988,1.1,10
130881,22756641,1.1,3815502,1.1,10
130882,23006964,1.1,3857472,1.1,10
130883,23260041,1.1,3899904,1.1,10
130884,23515902,1.1,3942803,1.1,10
130885,23774577,1.1,3986174,1.1,10
130886,24036099,1.1,4030022,1.1,10
130887,24300495,1.1,4074352,1.1,10
130888,24567801,1.1,4119170,1.1,10
130889,24838047,1.1,4164481,1.1,10
130890,25111263,1.1,4210290,1.1,10
130891,25387488,1.1,4256604,1.1,10
130892,25666752,1.1,4303426,1.1,10
130893,25949085,1.1,4350764,1.1,10
130894,26234526,1.1,4398622,1.1,10
130895,26523105,1.1,4447007,1.1,10
130896,26814858,1.1,4495924,1.1,10
130897,27109821,1.1,4545379,1.1,10
130898,27408030,1.1,4595379,1.1,10
130899,27709518,1.1,4645928,1.1,10
130900,28014324,1.1,4697033,1.1,10
130901,28322481,1.1,4748700,1.1,10
130902,28634028,1.1,4800936,1.1,10
130903,28949001,1.1,4853746,1.1,10
130904,29267442,1.1,4907138,1.1,10
130905,29589384,1.1,4961116,1.1,10
130906,29914866,1.1,5015688,1.1,10
130907,30243930,1.1,5070861,1.1,10
130908,30576612,1.1,5126640,1.1,10
130909,30912957,1.1,5183033,1.1,10
130910,31252998,1.1,5240047,1.1,10
130911,31596780,1.1,5297687,1.1,10
130912,31944345,1.1,5355962,1.1,10
130913,32295735,1.1,5414877,1.1,10
130914,32650986,1.1,5474441,1.1,10
130915,33010149,1.1,5534660,1.1,10
130916,33373260,1.1,5595541,1.1,10
130917,33740364,1.1,5657092,1.1,10
130918,34111509,1.1,5719320,1.1,10
130919,34486737,1.1,5782233,1.1,10
130920,34866090,1.1,5845837,1.1,10
130921,35249616,1.1,5910141,1.1,10
130922,35637363,1.1,5975153,1.1,10
130923,36029373,1.1,6040880,1.1,10
130924,36425697,1.1,6107329,1.1,10
130925,36826380,1.1,6174510,1.1,10
130926,37231470,1.1,6242430,1.1,10
130927,37641015,1.1,6311096,1.1,10
130928,38055066,1.1,6380518,1.1,10
130929,38473674,1.1,6450704,1.1,10
130930,38896884,1.1,6521662,1.1,10
130931,39324750,1.1,6593400,1.1,10
130932,39757320,1.1,6665928,1.1,10
130933,40194651,1.1,6739253,1.1,10
130934,40636794,1.1,6813384,1.1,10
130935,41083797,1.1,6888332,1.1,10
130936,41535720,1.1,6964103,1.1,10
130937,41992611,1.1,7040709,1.1,10
130938,42454530,1.1,7118156,1.1,10
130939,42921531,1.1,7196456,1.1,10
130940,43393668,1.1,7275617,1.1,10
130941,43870998,1.1,7355649,1.1,10
130942,44353578,1.1,7436561,1.1,10
130943,44841468,1.1,7518363,1.1,10
130944,45334725,1.1,7601065,1.1,10
130945,45833406,1.1,7684677,1.1,10
130946,46337574,1.1,7769208,1.1,10
130947,46847286,1.1,7854670,1.1,10
130948,47362608,1.1,7941071,1.1,10
130949,47883597,1.1,8028423,1.1,10
130950,48410316,1.1,8116735,1.1,10
130951,48942828,1.1,8206019,1.1,10
130952,49481199,1.1,8296286,1.1,10
130953,50025495,1.1,8387545,1.1,10
130954,50575773,1.1,8479808,1.1,10
130955,51132108,1.1,8573086,1.1,10
130956,51694560,1.1,8667390,1.1,10
130957,52263201,1.1,8762731,1.1,10
130958,52838097,1.1,8859121,1.1,10
130959,53419314,1.1,8956571,1.1,10
130960,54006927,1.1,9055094,1.1,10
130961,54601005,1.1,9154700,1.1,10
130962,55201614,1.1,9255401,1.1,10
130963,55808832,1.1,9357211,1.1,10
130964,56422731,1.1,9460140,1.1,10
130965,57043380,1.1,9564202,1.1,10
130966,57670857,1.1,9669408,1.1,10
130967,58305237,1.1,9775771,1.1,10
130968,58946595,1.1,9883305,1.1,10
130969,59595006,1.1,9992021,1.1,10
130970,60250551,1.1,10101933,1.1,10
130971,60913308,1.1,10213055,1.1,10
130972,61583355,1.1,10325398,1.1,10
130973,62260770,1.1,10438978,1.1,10
130974,62945640,1.1,10553806,1.1,10
130975,63638040,1.1,10669898,1.1,10
130976,64338060,1.1,10787267,1.1,10
130977,65045778,1.1,10905927,1.1,10
130978,65761281,1.1,11025892,1.1,10
130979,66484656,1.1,11147177,1.1,10
130980,67215987,1.1,11269796,1.1,10
130981,67955364,1.1,11393764,1.1,10
130982,68702871,1.1,11519095,1.1,10
130983,69458604,1.1,11645805,1.1,10
130984,70222647,1.1,11773909,1.1,10
130985,70995099,1.1,11903422,1.1,10
130986,71776044,1.1,12034360,1.1,10
130987,72565581,1.1,12166738,1.1,10
130988,73363803,1.1,12300572,1.1,10
130989,74170803,1.1,12435878,1.1,10
130990,74986683,1.1,12572673,1.1,10
130991,75811536,1.1,12710972,1.1,10
130992,76645464,1.1,12850793,1.1,10
130993,77488563,1.1,12992152,1.1,10
130994,78340938,1.1,13135065,1.1,10
130995,79202688,1.1,13279551,1.1,10
130996,80073918,1.1,13425626,1.1,10
130997,80954730,1.1,13573308,1.1,10
130998,81845232,1.1,13722614,1.1,10
130999,82745529,1.1,13873563,1.1,10
131000,83655729,1.1,14026172,1.1,10
131001,84575943,0.7,14180460,0.7,10
131002,1616559,0.7,14279723,0.7,10
131003,1627875,0.7,14379681,0.7,10
131004,1639269,0.7,14480339,0.7,10
131005,1650744,0.7,14581701,0.7,10
131006,1662300,0.7,14683773,0.7,10
131007,1673934,0.7,14786560,0.7,10
131008,1685652,0.7,14890066,0.7,10
131009,1697451,0.7,14994296,0.7,10
131010,1709334,0.7,15099256,0.7,10
131011,1721301,0.7,15204951,0.7,10
131012,1733349,0.7,15311386,0.7,10
131013,1745481,0.7,15418565,0.7,10
131014,1757700,0.7,15526495,0.7,10
131015,1770006,0.7,15635181,0.7,10
131016,1782396,0.7,15744627,0.7,10
131017,1794870,0.7,15854839,0.7,10
131018,1807437,0.7,15965823,0.7,10
131019,1820088,0.7,16077584,0.7,10
131020,1832829,0.7,16190127,0.7,10
131021,1845657,0.7,16303458,0.7,10
131022,1858578,0.7,16417582,0.7,10
131023,1871589,0.7,16532505,0.7,10
131024,1884690,0.7,16648233,0.7,10
131025,1897881,0.7,16764770,0.7,10
131026,1911168,0.7,16882124,0.7,10
131027,1924545,0.7,17000299,0.7,10
131028,1938018,0.7,17119301,0.7,10
131029,1951584,0.7,17239136,0.7,10
131030,1965243,0.7,17359810,0.7,10
131031,1979001,0.7,17481329,0.7,10
131032,1992855,0.7,17603698,0.7,10
131033,2006805,0.7,17726924,0.7,10
131034,2020851,0.7,17851012,0.7,10
131035,2034996,0.7,17975969,0.7,10
131036,2049243,0.7,18101801,0.7,10
131037,2063586,0.7,18228514,0.7,10
131038,2078031,0.7,18356113,0.7,10
131039,2092578,0.7,18484606,0.7,10
131040,2107227,0.7,18613998,0.7,10
131041,2121978,0.7,18744296,0.7,10
131042,2136831,0.7,18875506,0.7,10
131043,2151789,0.7,19007635,0.7,10
131044,2166852,0.7,19140688,0.7,10
131045,2182020,0.7,19274673,0.7,10
131046,2197293,0.7,19409596,0.7,10
131047,2212674,0.7,19545463,0.7,10
131048,2228163,0.7,19682281,0.7,10
131049,2243760,0.7,19820057,0.7,10
131050,2259465,0.7,19958798,0.7,10
131051,2275284,0.7,20098509,0.7,10
131052,2291211,0.7,20239199,0.7,10
131053,2307249,0.7,20380873,0.7,10
131054,2323398,0.7,20523539,0.7,10
131055,2339664,0.7,20667204,0.7,10
131056,2356041,0.7,20811875,0.7,10
131057,2372532,0.7,20957558,0.7,10
131058,2389140,0.7,21104261,0.7,10
131059,2405865,0.7,21251990,0.7,10
131060,2422704,0.7,21400754,0.7,10
131061,2439663,0.7,21550560,0.7,10
131062,2456742,0.7,21701414,0.7,10
131063,2473938,0.7,21853323,0.7,10
131064,2491257,0.7,22006297,0.7,10
131065,2508696,0.7,22160341,0.7,10
131066,2526255,0.7,22315463,0.7,10
131067,2543940,0.7,22471671,0.7,10
131068,2561748,0.7,22628973,0.7,10
131069,2579679,0.7,22787376,0.7,10
131070,2597739,0.7,22946888,0.7,10
131071,2615922,0.7,23107516,0.7,10
131072,2634234,0.7,23269268,0.7,10
131073,2652672,0.7,23432153,0.7,10
131074,2671242,0.7,23596178,0.7,10
131075,2689941,0.7,23761352,0.7,10
131076,2708769,0.7,23927681,0.7,10
131077,2727732,0.7,24095175,0.7,10
131078,2746824,0.7,24263841,0.7,10
131079,2766054,0.7,24433688,0.7,10
131080,2785416,0.7,24604724,0.7,10
131081,2804913,0.7,24776957,0.7,10
131082,2824548,0.7,24950395,0.7,10
131083,2844321,0.7,25125048,0.7,10
131084,2864229,0.7,25300924,0.7,10
131085,2884278,0.7,25478030,0.7,10
131086,2904468,0.7,25656376,0.7,10
131087,2924802,0.7,25835971,0.7,10
131088,2945274,0.7,26016823,0.7,10
131089,2965890,0.7,26198940,0.7,10
131090,2986653,0.7,26382333,0.7,10
131091,3007560,0.7,26567009,0.7,10
131092,3028611,0.7,26752978,0.7,10
131093,3049812,0.7,26940249,0.7,10
131094,3071160,0.7,27128831,0.7,10
131095,3092658,0.7,27318733,0.7,10
131096,3114309,0.7,27509964,0.7,10
131097,3136107,0.7,27702534,0.7,10
131098,3158061,0.7,27896451,0.7,10
131099,3180168,0.7,28091727,0.7,10
131100,3202428,0.7,28288369,0.7,10
131101,3224844,0.7,28486387,0.7,10
131102,3247419,0.7,28685792,0.7,10
131103,3270150,0.7,28886593,0.7,10
131104,3293043,0.7,29088799,0.7,10
131105,3316092,0.7,29292420,0.7,10
131106,3339306,0.7,29497467,0.7,10
131107,3362682,0.7,29703949,0.7,10
131108,3386220,0.7,29911877,0.7,10
131109,3409923,0.7,30121260,0.7,10
131110,3433794,0.7,30332109,0.7,10
131111,3457830,0.7,30544434,0.7,10
131112,3482034,0.7,30758245,0.7,10
131113,3506409,0.7,30973553,0.7,10
131114,3530952,0.7,31190367,0.7,10
131115,3555669,0.7,31408700,0.7,10
131116,3580560,0.7,31628561,0.7,10
131117,3605625,0.7,31849961,0.7,10
131118,3630864,0.7,32072911,0.7,10
131119,3656280,0.7,32297421,0.7,10
131120,3681873,0.7,32523503,0.7,10
131121,3707646,0.7,32751167,0.7,10
131122,3733599,0.7,32980426,0.7,10
131123,3759735,0.7,33211289,0.7,10
131124,3786054,0.7,33443768,0.7,10
131125,3812556,0.7,33677874,0.7,10
131126,3839244,0.7,33913619,0.7,10
131127,3866118,0.7,34151014,0.7,10
131128,3893181,0.7,34390072,0.7,10
131129,3920433,0.7,34630802,0.7,10
131130,3947877,0.7,34873218,0.7,10
131131,3975510,0.7,35117330,0.7,10
131132,4003341,0.7,35363152,0.7,10
131133,4031364,0.7,35610694,0.7,10
131134,4059582,0.7,35859968,0.7,10
131135,4088001,0.7,36110988,0.7,10
131136,4116615,0.7,36363765,0.7,10
131137,4145433,0.7,36618311,0.7,10
131138,4174449,0.7,36874640,0.7,10
131139,4203672,0.7,37132762,0.7,10
131140,4233096,0.7,37392691,0.7,10
131141,4262730,0.7,37654440,0.7,10
131142,4292568,0.7,37918021,0.7,10
131143,4322616,0.7,38183448,0.7,10
131144,4352874,0.7,38450732,0.7,10
131145,4383345,0.7,38719887,0.7,10
131146,4414029,0.7,38990926,0.7,10
131147,4444926,0.7,39263862,0.7,10
131148,4476039,0.7,39538710,0.7,10
131149,4507374,0.7,39815480,0.7,10
131150,4538925,0.7,40094189,0.7,10
131151,4570698,0.7,40374848,0.7,10
131152,4602690,0.7,40657472,0.7,10
131153,4634910,0.7,40942074,0.7,10
131154,4667355,0.7,41228669,0.7,10
131155,4700025,0.7,41517270,0.7,10
131156,4732926,0.7,41807891,0.7,10
131157,4766058,0.7,42100546,0.7,10
131158,4799418,0.7,42395250,0.7,10
131159,4833015,0.7,42692016,0.7,10
131160,4866846,0.7,42990860,0.7,10
131161,4900914,0.7,43291796,0.7,10
131162,4935222,0.7,43594839,0.7,10
131163,4969767,0.7,43900003,0.7,10
131164,5004555,0.7,44207303,0.7,10
131165,5039586,0.7,44516754,0.7,10
131166,5074866,0.7,44828371,0.7,10
131167,5110389,0.7,45142170,0.7,10
131168,5146161,0.7,45458165,0.7,10
131169,5182185,0.7,45776372,0.7,10
131170,5218461,0.7,46096807,0.7,10
131171,5254989,0.7,46419485,0.7,10
131172,5291775,0.7,46744421,0.7,10
131173,5328816,0.7,47071632,0.7,10
131174,5366118,0.7,47401133,0.7,10
131175,5403681,0.7,47732941,0.7,10
131176,5441508,0.7,48067072,0.7,10
131177,5479596,0.7,48403541,0.7,10
131178,5517954,0.7,48742366,0.7,10
131179,5556579,0.7,49083563,0.7,10
131180,5595477,0.7,49427148,0.7,10
131181,5634645,0.7,49773138,0.7,10
131182,5674086,0.7,50121550,0.7,10
131183,5713806,0.7,50472400,0.7,10
131184,5753802,0.7,50825707,0.7,10
131185,5794080,0.7,51181487,0.7,10
131186,5834637,0.7,51539758,0.7,10
131187,5875479,0.7,51900536,0.7,10
131188,5916609,0.7,52263840,0.7,10
131189,5958024,0.7,52629687,0.7,10
131190,5999730,0.7,52998094,0.7,10
131191,6041730,0.7,53369081,0.7,10
131192,6084021,0.7,53742665,0.7,10
131193,6126609,0.7,54118863,0.7,10
131194,6169494,0.7,54497695,0.7,10
131195,6212682,0.7,54879179,0.7,10
131196,6256170,0.7,55263333,0.7,10
131197,6299964,0.7,55650177,0.7,10
131198,6344064,0.7,56039728,0.7,10
131199,6388473,0.7,56432006,0.7,10
131200,6433191,0.7,56827030,0.7,10
131201,6478224,0.7,57224819,0.7,10
131202,6523572,0.7,57625393,0.7,10
131203,6569235,0.7,58028771,0.7,10
131204,6615222,0.7,58434972,0.7,10
131205,6661527,0.7,58844017,0.7,10
131206,6708159,0.7,59255925,0.7,10
131207,6755115,0.7,59670717,0.7,10
131208,6802401,0.7,60088412,0.7,10
131209,6850017,0.7,60509030,0.7,10
131210,6897969,0.7,60932594,0.7,10
131211,6946254,0.7,61359122,0.7,10
131212,6994878,0.7,61788636,0.7,10
131213,7043841,0.7,62221156,0.7,10
131214,7093149,0.7,62656704,0.7,10
131215,7142799,0.7,63095301,0.7,10
131216,7192800,0.7,63536968,0.7,10
131217,7243149,0.7,63981727,0.7,10
131218,7293852,0.7,64429599,0.7,10
131219,7344909,0.7,64880606,0.7,10
131220,7396323,0.7,65334771,0.7,10
131221,7448097,0.7,65792114,0.7,10
131222,7500234,0.7,66252659,0.7,10
131223,7552734,0.7,66716427,0.7,10
131224,7605606,0.7,67183442,0.7,10
131225,7658844,0.7,67653726,0.7,10
131226,7712457,0.7,68127303,0.7,10
131227,7766442,0.7,68604194,0.7,10
131228,7820808,0.7,69084423,0.7,10
131229,7875555,0.7,69568014,0.7,10
131230,7930683,0.7,70054990,0.7,10
131231,7986198,0.7,70545375,0.7,10
131232,8042100,0.7,71039193,0.7,10
131233,8098395,0.7,71536467,0.7,10
131234,8155083,0.7,72037222,0.7,10
131235,8212170,0.7,72541483,0.7,10
131236,8269656,0.7,73049273,0.7,10
131237,8327544,0.7,73560618,0.7,10
131238,8385834,0.7,74075542,0.7,10
131239,8444535,0.7,74594071,0.7,10
131240,8503647,0.7,75116230,0.7,10
131241,8563173,0.7,75642043,0.7,10
131242,8623116,0.7,76171538,0.7,10
131243,8683479,0.7,76704738,0.7,10
131244,8744262,0.7,77241672,0.7,10
131245,8805471,0.7,77782363,0.7,10
131246,8867109,0.7,78326840,0.7,10
131247,8929179,0.7,78875128,0.7,10
131248,8991684,0.7,79427254,0.7,10
131249,9054627,0.7,79983244,0.7,10
131250,9118008,0.7,80543127,0.7,10
131251,9181833,0.7,81106929,0.7,10
131252,9246108,0.7,81674677,0.7,10
131253,9310830,0.7,82246400,0.7,10
131254,9376005,0.7,82822125,0.7,10
131255,9441639,0.7,83401880,0.7,10
131256,9507729,0.7,83985693,0.7,10
131257,9574284,0.7,84573593,0.7,10
131258,9641304,0.7,85165608,0.7,10
131259,9708792,0.7,85761767,0.7,10
131260,9776754,0.7,86362100,0.7,10
131261,9845190,0.7,86966634,0.7,10
131262,9914109,0.7,87575401,0.7,10
131263,9983505,0.7,88188429,0.7,10
131264,10053390,0.7,88805748,0.7,10
131265,10123764,0.7,89427388,0.7,10
131266,10194630,0.7,90053380,0.7,10
131267,10265994,0.7,90683753,0.7,10
131268,10337856,0.7,91318539,0.7,10
131269,10410219,0.7,91957769,0.7,10
131270,10483092,0.7,92601474,0.7,10
131271,10556475,0.7,93249684,0.7,10
131272,10630368,0.7,93902432,0.7,10
131273,10704780,0.7,94559749,0.7,10
131274,10779714,0.7,95221667,0.7,10
131275,10855173,0.7,95888219,0.7,10
131276,10931160,0.7,96559436,0.7,10
131277,11007678,0.7,97235352,0.7,10
131278,11084730,0.7,97916000,0.7,10
131279,11162325,0.7,98601412,0.7,10
131280,11240460,0.7,99291622,0.7,10
131281,11319144,0.7,99986663,0.7,10
131282,11398377,0.7,100686570,0.7,10
131283,11478165,0.7,101391376,0.7,10
131284,11558514,0.7,102101115,0.7,10
131285,11639424,0.7,102815823,0.7,10
131286,11720898,0.7,103535534,0.7,10
131287,11802945,0.7,104260283,0.7,10
131288,11885565,0.7,104990105,0.7,10
131289,11968764,0.7,105725035,0.7,10
131290,12052545,0.7,106465110,0.7,10
131291,12136914,0.7,107210366,0.7,10
131292,12221871,0.7,107960839,0.7,10
131293,12307425,0.7,108716565,0.7,10
131294,12393576,0.7,109477581,0.7,10
131295,12480333,0.7,110243924,0.7,10
131296,12567696,0.7,111015631,0.7,10
131297,12655668,0.7,111792741,0.7,10
131298,12744258,0.7,112575290,0.7,10
131299,12833469,0.7,113363317,0.7,10
131300,12923301,0.7,114156860,0.7,10
131301,13013766,0.7,114955958,0.7,10
131302,13104861,0.7,115760650,0.7,10
131303,13196595,0.7,116570974,0.7,10
131304,13288971,0.7,117386971,0.7,10
131305,13381995,0.7,118208680,0.7,10
131306,13475670,0.7,119036141,0.7,10
131307,13569999,0.7,119869394,0.7,10
131308,13664988,0.7,120708479,0.7,10
131309,13760643,0.7,121553439,0.7,10
131310,13856967,0.7,122404313,0.7,10
131311,13953966,0.7,123261143,0.7,10
131312,14051646,0.7,124123971,0.7,10
131313,14150007,0.7,124992839,0.7,10
131314,14249055,0.7,125867789,0.7,10
131315,14348799,0.7,126748863,0.7,10
131316,14449242,0.7,127636105,0.7,10
131317,14550387,0.7,128529558,0.7,10
131318,14652237,0.7,129429265,0.7,10
131319,14754804,0.7,130335270,0.7,10
131320,14858088,0.7,131247617,0.7,10
131321,14962095,0.7,132166350,0.7,10
131322,15066828,0.7,133091514,0.7,10
131323,15172296,0.7,134023155,0.7,10
131324,15278502,0.7,134961317,0.7,10
131325,15385452,0.7,135906046,0.7,10
131326,15493152,0.7,136857389,0.7,10
131327,15601602,0.7,137815390,0.7,10
131328,15710814,0.7,138780098,0.7,10
131329,15820791,0.7,139751559,0.7,10
131330,15931536,0.7,140729820,0.7,10
131331,16043055,0.7,141714928,0.7,10
131332,16155357,0.7,142706933,0.7,10
131333,16268445,0.7,143705881,0.7,10
131334,16382325,0.7,144711823,0.7,10
131335,16497000,0.7,145724805,0.7,10
131336,16612479,0.7,146744879,0.7,10
131337,16728765,0.7,147772093,0.7,10
131338,16845867,0.7,148806498,0.7,10
131339,16963788,0.7,149848143,0.7,10
131340,17082534,0.7,150897080,0.7,10
131341,17202114,0.7,151953360,0.7,10
131342,17322528,0.7,153017033,0.7,10
131343,17443785,0.7,154088153,0.7,10
131344,17565891,0.7,155166770,0.7,10
131345,17688852,0.7,156252937,0.7,10
131346,17812674,0.7,157346708,0.7,10
131347,17937363,0.7,158448135,0.7,10
131348,18062925,0.7,159557272,0.7,10
131349,18189366,0.7,160674172,0.7,10
131350,18316692,0.7,161798892,0.7,10
131351,18444909,0.7,162931484,0.7,10
131352,18574023,0.7,164072004,0.7,10
131353,18704040,0.7,165220508,0.7,10
131354,18834969,0.7,166377052,0.7,10
131355,18966813,0.7,167541691,0.7,10
131356,19099581,0.7,168714483,0.7,10
131357,19233279,0.7,169895484,0.7,10
131358,19367913,0.7,171084753,0.7,10
131359,19503486,0.7,172282346,0.7,10
131360,19640013,0.7,173488323,0.7,10
131361,19777491,0.7,174702741,0.7,10
131362,19915935,0.7,175925660,0.7,10
131363,20055345,0.7,177157140,0.7,10
131364,20195733,0.7,178397240,0.7,10
131365,20337102,0.7,179646020,0.7,10
131366,20479464,0.7,180903542,0.7,10
131367,20622819,0.7,182169867,0.7,10
131368,20767179,0.7,183445056,0.7,10
131369,20912550,0.7,184729172,0.7,10
131370,21058938,0.7,186022276,0.7,10
131371,21206349,0.7,187324432,0.7,10
131372,21354795,0.7,188635703,0.7,10
131373,21504279,0.7,189956153,0.7,10
131374,21654807,0.7,191285846,0.7,10
131375,21806391,0.7,192624847,0.7,10
131376,21959037,0.7,193973221,0.7,10
131377,22112748,0.7,195331033,0.7,10
131378,22267539,0.7,196698350,0.7,10
131379,22423410,0.7,198075239,0.7,10
131380,22580376,0.7,199461766,0.7,10
131381,22738437,0.7,200857998,0.7,10
131382,22897608,0.7,202264004,0.7,10
131383,23057889,0.7,203679852,0.7,10
131384,23219295,0.7,205105611,0.7,10
131385,23381829,0.7,206541350,0.7,10
131386,23545503,0.7,207987140,0.7,10
131387,23710323,0.7,209443050,0.7,10
131388,23876295,0.7,210909151,0.7,10
131389,24043428,0.7,212385515,0.7,10
131390,24211731,0.7,213872214,0.7,10
131391,24381213,0.7,215369319,0.7,10
131392,24551883,0.7,216876904,0.7,10
131393,24723747,0.7,218395043,0.7,10
131394,24896811,0.7,219923808,0.7,10
131395,25071090,0.7,221463275,0.7,10
131396,25246587,0.7,223013518,0.7,10
131397,25423314,0.7,224574612,0.7,10
131398,25601277,0.7,226146634,0.7,10
131399,25780485,0.7,227729661,0.7,10
131400,25960950,0.7,229323769,0.7,10
131401,26142675,0.7,230929035,0.7,10
131402,26325675,0.7,232545538,0.7,10
131403,26509953,0.7,234173357,0.7,10
131404,26695524,0.7,235812570,0.7,10
131405,26882391,0.7,237463258,0.7,10
131406,27070569,0.7,239125501,0.7,10
131407,27260064,0.7,240799380,0.7,10
131408,27450885,0.7,242484975,0.7,10
131409,27643041,0.7,244182370,0.7,10
131410,27836541,0.7,245891647,0.7,10
131411,28031397,0.7,247612888,0.7,10
131412,28227618,0.7,249346179,0.7,10
131413,28425210,0.7,251091602,0.7,10
131414,28624185,0.7,252849243,0.7,10
131415,28824555,0.7,254619188,0.7,10
131416,29026329,0.7,256401522,0.7,10
131417,29229513,0.7,258196333,0.7,10
131418,29434119,0.7,260003707,0.7,10
131419,29640156,0.7,261823733,0.7,10
131420,29847639,0.7,263656499,0.7,10
131421,30056571,0.7,265502095,0.7,10
131422,30266967,0.7,267360609,0.7,10
131423,30478836,0.7,269232134,0.7,10
131424,30692190,0.7,271116758,0.7,10
131425,30907035,0.7,273014576,0.7,10
131426,31123383,0.7,274925678,0.7,10
131427,31341246,0.7,276850158,0.7,10
131428,31560636,0.7,278788109,0.7,10
131429,31781559,0.7,280739625,0.7,10
131430,32004030,0.7,282704803,0.7,10
131431,32228058,0.7,284683736,0.7,10
131432,32453655,0.7,286676523,0.7,10
131433,32680830,0.7,288683258,0.7,10
131434,32909598,0.7,290704041,0.7,10
131435,33139965,0.7,292738969,0.7,10
131436,33371943,0.7,294788142,0.7,10
131437,33605547,0.7,296851659,0.7,10
131438,33840786,0.7,298929621,0.7,10
131439,34077672,0.7,301022128,0.7,10
131440,34316214,0.7,303129283,0.7,10
131441,34556430,0.7,305251188,0.7,10
131442,34798323,0.7,307387946,0.7,10
131443,35041911,0.7,309539662,0.7,10
131444,35287206,0.7,311706440,0.7,10
131445,35534217,0.7,313888385,0.7,10
131446,35782956,0.7,316085603,0.7,10
131447,36033435,0.7,318298202,0.7,10
131448,36285669,0.7,320526290,0.7,10
131449,36539670,0.7,322769974,0.7,10
131450,36795447,0.7,325029364,0.7,10
131451,37053015,0.7,327304569,0.7,10
131452,37312386,0.7,329595701,0.7,10
131453,37573575,0.7,331902871,0.7,10
131454,37836588,0.7,334226191,0.7,10
131455,38101446,0.7,336565775,0.7,10
131456,38368155,0.7,338921735,0.7,10
131457,38636733,0.7,341294187,0.7,10
131458,38907189,0.7,343683247,0.7,10
131459,39179538,0.7,346089029,0.7,10
131460,39453795,0.7,348511652,0.7,10
131461,39729972,0.7,350951234,0.7,10
131462,40008084,0.7,353407893,0.7,10
131463,40288140,0.7,355881748,0.7,10
131464,40570155,0.7,358372920,0.7,10
131465,40854147,0.7,360881531,0.7,10
131466,41140125,0.7,363407701,0.7,10
131467,41428107,0.7,365951555,0.7,10
131468,41718105,0.7,368513216,0.7,10
131469,42010131,0.7,371092809,0.7,10
131470,42304203,0.7,373690458,0.7,10
131471,42600330,0.7,376306291,0.7,10
131472,42898533,0.7,378940436,0.7,10
131473,43198824,0.7,381593019,0.7,10
131474,43501215,0.7,384264170,0.7,10
131475,43805724,0.7,386954019,0.7,10
131476,44112363,0.7,389662697,0.7,10
131477,44421150,0.7,392390336,0.7,10
131478,44732097,0.7,395137068,0.7,10
131479,45045222,0.7,397903028,0.7,10
131480,45360540,0.7,400688349,0.7,10
131481,45678063,0.7,403493167,0.7,10
131482,45997809,0.7,406317620,0.7,10
131483,46319793,0.7,409161843,0.7,10
131484,46644033,0.7,412025976,0.7,10
131485,46970541,0.7,414910158,0.7,10
131486,47299335,0.7,417814529,0.7,10
131487,47630430,0.7,420739230,0.7,10
131488,47963844,0.7,423684405,0.7,10
131489,48299589,0.7,426650196,0.7,10
131490,48637686,0.7,429636747,0.7,10
131491,48978150,0.7,432644204,0.7,10
131492,49320999,0.7,435672714,0.7,10
131493,49666245,0.7,438722423,0.7,10
131494,50013909,0.7,441793480,0.7,10
131495,50364006,0.7,444886034,0.7,10
131496,50716554,0.7,448000236,0.7,10
131497,51071571,0.7,451136238,0.7,10
131498,51429072,0.7,454294192,0.7,10
131499,51789075,0.7,457474251,0.7,10
131500,52151598,0.7,460676571,0.7,10
131501,52516659,0.7,463901307,0.7,10
131502,52884276,0.7,467148616,0.7,10
131503,53254467,0.7,470418656,0.7,10
131504,53627247,0.7,473711587,0.7,10
131505,54002637,0.7,477027568,0.7,10
131506,54380655,0.7,480366761,0.7,10
131507,54761322,0.7,483729328,0.7,10
131508,55144650,0.7,487115434,0.7,10
131509,55530663,0.7,490525242,0.7,10
131510,55919376,0.7,493958918,0.7,10
131511,56310813,0.7,497416631,0.7,10
131512,56704989,0.7,500898547,0.7,10
131513,57101922,0.7,504404837,0.7,10
131514,57501636,0.7,507935671,0.7,10
131515,57904149,0.7,511491221,0.7,10
131516,58309476,0.7,515071659,0.7,10
131517,58717644,0.7,518677161,0.7,10
131518,59128668,0.7,522307901,0.7,10
131519,59542569,0.7,525964056,0.7,10
131520,59959365,0.7,529645805,0.7,10
131521,60379080,0.7,533353325,0.7,10
131522,60801735,0.7,537086798,0.7,10
131523,61227348,0.7,540846406,0.7,10
131524,61655937,0.7,544632331,0.7,10
131525,62087529,0.7,548444757,0.7,10
131526,62522142,0.7,552283871,0.7,10
131527,62959797,0.7,556149858,0.7,10
131528,63400515,0.7,560042907,0.7,10
131529,63844320,0.7,563963207,0.7,10
131530,64291230,0.7,567910949,0.7,10
131531,64741269,0.7,571886326,0.7,10
131532,65194458,0.7,575889530,0.7,10
131533,65650818,0.7,579920757,0.7,10
131534,66110376,0.7,583980202,0.7,10
131535,66573147,0.7,588068064,0.7,10
131536,67039158,0.7,592184540,0.7,10
131537,67508433,0.7,596329832,0.7,10
131538,67980993,0.7,600504141,0.7,10
131539,68456859,0.7,604707670,0.7,10
131540,68936058,0.7,608940623,0.7,10
131541,69418611,0.7,613203208,0.7,10
131542,69904539,0.7,617495630,0.7,10
131543,70393872,0.7,621818100,0.7,10
131544,70886628,0.7,626170826,0.7,10
131545,71382834,0.7,630554022,0.7,10
131546,71882514,0.7,634967900,0.7,10
131547,72385692,0.7,639412676,0.7,10
131548,72892392,0.7,643888564,0.7,10
131549,73402638,0.7,648395784,0.7,10
131550,73916457,0.7,652934555,0.7,10
131551,74433873,0.7,657505097,0.7,10
131552,74954910,0.7,662107632,0.7,10
131553,75479595,0.7,666742386,0.7,10
131554,76007952,0.7,671409583,0.7,10
131555,76540008,0.7,676109450,0.7,10
131556,77075787,0.7,680842216,0.7,10
131557,77615319,0.7,685608111,0.7,10
131558,78158625,0.7,690407368,0.7,10
131559,78705735,0.7,695240220,0.7,10
131560,79256676,0.7,700106901,0.7,10
131561,79811472,0.7,705007649,0.7,10
131562,80370153,0.7,709942703,0.7,10
131563,80932743,0.7,714912302,0.7,10
131564,81499272,0.7,719916688,0.7,10
131565,82069767,0.7,724956105,0.7,10
131566,82644255,0.7,730030798,0.7,10
131567,83222766,0.7,735141013,0.7,10
131568,83805324,0.7,740287000,0.7,10
131569,84391962,0.7,745469009,0.7,10
131570,84982707,0.7,750687292,0.7,10
131571,85577586,0.7,755942103,0.7,10
131572,86176629,0.7,761233698,0.7,10
131573,86779866,0.7,766562334,0.7,10
131574,87387324,0.7,771928270,0.7,10
131575,87999036,0.7,777331768,0.7,10
131576,88615029,0.7,782773091,0.7,10
131577,89235333,0.7,788252502,0.7,10
131578,89859981,0.7,793770270,0.7,10
131579,90489000,0.7,799326662,0.7,10
131580,91122423,0.7,804921948,0.7,10
131581,91760280,0.7,810556402,0.7,10
131582,92402604,0.7,816230297,0.7,10
131583,93049422,0.7,821943909,0.7,10
131584,93700767,0.7,827697516,0.7,10
131585,94356672,0.7,833491399,0.7,10
131586,95017170,0.7,839325839,0.7,10
131587,95682288,0.7,845201119,0.7,10
131588,96352065,0.7,851117527,0.7,10
131589,97026531,0.7,857075350,0.7,10
131590,97705716,0.7,863074877,0.7,10
131591,98389656,0.7,869116402,0.7,10
131592,99078384,0.7,875200216,0.7,10
131593,99771933,0.7,881326618,0.7,10
131594,100470336,0.7,887495904,0.7,10
131595,101173626,0.7,893708376,0.7,10
131596,101881842,0.7,899964334,0.7,10
131597,102595017,0.7,906264084,0.7,10
131598,103313181,0.7,912607933,0.7,10
131599,104036373,0.7,918996189,0.7,10
131600,104764629,0.7,925429162,0.7,10
131601,105497979,0.7,931907166,0.7,10
131602,106236465,0.7,938430516,0.7,10
131603,106980120,0.7,944999530,0.7,10
131604,107728983,0.7,951614527,0.7,10
131605,108483084,0.7,958275828,0.7,10
131606,109242468,0.7,964983759,0.7,10
131607,110007165,0.7,971738645,0.7,10
131608,110777214,0.7,978540816,0.7,10
131609,111552654,0.7,985390602,0.7,10
131610,112333524,0.7,992288336,0.7,10
131611,113119857,0.7,999234354,0.7,10
131612,113911698,0.7,1006228995,0.7,10
131613,114709080,0.7,1013272598,0.7,10
131614,115512042,0.7,1020365506,0.7,10
131615,116320626,0.7,1027508064,0.7,10
131616,117134871,0.7,1034700621,0.7,10
131617,117954816,0.7,1041943525,0.7,10
131618,118780500,0.7,1049237130,0.7,10
131619,119611962,0.7,1056581790,0.7,10
131620,120449247,0.7,1063977862,0.7,10
131621,121292391,0.7,1071425707,0.7,10
131622,122141436,0.7,1078925687,0.7,10
131623,122996427,0.7,1086478167,0.7,10
131624,123857403,0.7,1094083514,0.7,10
131625,124724403,0.7,1101742099,0.7,10
131626,125597475,0.7,1109454293,0.7,10
131627,126476658,0.7,1117220474,0.7,10
131628,127361994,0.7,1125041017,0.7,10
131629,128253528,0.7,1132916304,0.7,10
131630,129151302,0.7,1140846718,0.7,10
131631,130055361,0.7,1148832645,0.7,10
131632,130965750,0.7,1156874474,0.7,10
131633,131882511,0.7,1164972595,0.7,10
131634,132805686,0.7,1173127403,0.7,10
131635,133735326,0.7,1181339295,0.7,10
131636,134671473,0.7,1189608670,0.7,10
131637,135614175,0.7,1197935931,0.7,10
131638,136563474,0.7,1206321482,0.7,10
131639,137519418,0.7,1214765733,0.7,10
131640,138482055,0.7,1223269093,0.7,10
131641,139451427,0.7,1231831976,0.7,10
131642,140427588,0.7,1240454800,0.7,10
131643,141410580,0.7,1249137984,0.7,10
131644,142400457,0.7,1257881950,0.7,10
131645,143397258,0.7,1266687123,0.7,10
131646,144401040,0.7,1275553933,0.7,10
131647,145411848,0.7,1284482811,0.7,10
131648,146429730,0.7,1293474190,0.7,10
131649,147454737,0.7,1302528510,0.7,10
131650,148486920,0.7,1311646209,0.7,10
131651,149526330,0.7,1320827733,0.7,10
131652,150573015,0.7,1330073527,0.7,10
131653,151627026,0.7,1339384042,0.7,10
131654,152688414,0.7,1348759730,0.7,10
131655,153757233,0.7,1358201048,0.7,10
131656,154833534,0.7,1367708455,0.7,10
131657,155917368,0.7,1377282414,0.7,10
131658,157008789,0.7,1386923391,0.7,10
131659,158107851,0.7,1396631855,0.7,10
131660,159214605,0.7,1406408278,0.7,10
131661,160329108,0.7,1416253136,0.7,10
131662,161451411,0.7,1426166908,0.7,10
131663,162581571,0.7,1436150076,0.7,10
131664,163719642,0.7,1446203127,0.7,10
131665,164865681,0.7,1456326549,0.7,10
131666,166019742,0.7,1466520835,0.7,10
131667,167181879,0.7,1476786480,0.7,10
131668,168352152,0.7,1487123986,0.7,10
131669,169530618,0.7,1497533854,0.7,10
131670,170717331,0.7,1508016591,0.7,10
131671,171912354,0.7,1518572707,0.7,10
131672,173115738,0.7,1529202716,0.7,10
131673,174327549,0.7,1539907135,0.7,10
131674,175547841,0.7,1550686485,0.7,10
131675,176776677,0.7,1561541290,0.7,10
131676,178014114,0.7,1572472079,0.7,10
131677,179260212,0.7,1583479384,0.7,10
131678,180515034,0.7,1594563739,0.7,10
131679,181778640,0.7,1605725686,0.7,10
131680,183051090,0.7,1616965765,0.7,10
131681,184332447,0.7,1628284526,0.7,10
131682,185622774,0.7,1639682517,0.7,10
131683,186922134,0.7,1651160295,0.7,10
131684,188230590,0.7,1662718417,0.7,10
131685,189548202,0.7,1674357446,0.7,10
131686,190875039,0.7,1686077948,0.7,10
131687,192211167,0.7,1697880494,0.7,10
131688,193556643,0.7,1709765657,0.7,10
131689,194911539,0.7,1721734017,0.7,10
131690,196275921,0.7,1733786155,0.7,10
131691,197649852,0.7,1745922658,0.7,10
131692,199033401,0.7,1758144117,0.7,10
131693,200426634,0.7,1770451125,0.7,10
131694,201829623,0.7,1782844283,0.7,10
131695,203242428,0.7,1795324193,0.7,10
131696,204665127,0.7,1807891463,0.7,10
131697,206097783,0.7,1820546703,0.7,10
131698,207540465,0.7,1833290530,0.7,10
131699,208993251,0.7,1846123564,0.7,10
131700,210456201,0.7,1859046428,0.7,10
131701,211929396,0.7,1872059753,0.7,10
131702,213412902,0.7,1885164172,0.7,10
131703,214906791,0.7,1898360321,0.7,10
131704,216411141,0.7,1911648843,0.7,10
131705,217926018,0.7,1925030385,0.7,10
131706,219451500,0.7,1938505598,0.7,10
131707,220987659,0.7,1952075137,0.7,10
131708,222534573,0.7,1965739663,0.7,10
131709,224092317,0.7,1979499841,0.7,10
131710,225660963,0.7,1993356339,0.7,10
131711,227240589,0.7,2007309834,0.7,10
131712,228831273,0.7,2021361003,0.7,10
131713,230433093,0.7,2035510530,0.7,10
131714,232046124,0.7,2049759103,0.7,10
131715,233670447,0.7,2064107417,0.7,10
131716,235306140,0.7,2078556169,0.7,10
131717,236953281,0.7,2093106062,0.7,10
131718,238611954,0.7,2107757805,0.7,10
131719,240282240,0.7,2122512109,0.7,10
131720,241964214,0.7,2137369694,0.7,10
131721,243657963,0.7,2152331282,0.7,10
131722,245363571,0.7,2167397601,0.7,10
131723,247081116,0.7,2182569384,0.7,10
131724,248810682,0.7,2197847370,0.7,10
131725,250552359,0.7,2213232301,0.7,10
131726,252306225,0.7,2228724928,0.7,10
131727,254072367,0.7,2244326002,0.7,10
131728,255850875,0.7,2260036284,0.7,10
131729,257641830,0.7,2275856538,0.7,10
131730,259445322,0.7,2291787534,0.7,10
131731,261261441,0.7,2307830047,0.7,10
131732,263090271,0.7,2323984857,0.7,10
131733,264931902,0.7,2340252751,0.7,10
131734,266786427,0.7,2356634520,0.7,10
131735,268653930,0.7,2373130962,0.7,10
131736,270534507,0.7,2389742878,0.7,10
131737,272428251,0.7,2406471079,0.7,10
131738,274335246,0.7,2423316376,0.7,10
131739,276255594,0.7,2440279591,0.7,10
131740,278189382,0.7,2457361548,0.7,10
131741,280136709,0.7,2474563079,0.7,10
131742,282097665,0.7,2491885020,0.7,10
131743,284072349,0.7,2509328215,0.7,10
131744,286060857,0.7,2526893513,0.7,10
131745,288063282,0.7,2544581768,0.7,10
131746,290079726,0.7,2562393840,0.7,10
131747,292110282,0.7,2580330597,0.7,10
131748,294155055,0.7,2598392911,0.7,10
131749,296214141,0.7,2616581661,0.7,10
131750,298287639,0.7,2634897733,0.7,10
131751,300375654,0.7,2653342017,0.7,10
131752,302478282,0.7,2671915411,0.7,10
131753,304595631,0.7,2690618819,0.7,10
131754,306727800,0.7,2709453151,0.7,10
131755,308874894,0.7,2728419323,0.7,10
131756,311037018,0.7,2747518258,0.7,10
131757,313214277,0.7,2766750886,0.7,10
131758,315406779,0.7,2786118142,0.7,10
131759,317614626,0.7,2805620969,0.7,10
131760,319837929,0.7,2825260316,0.7,10
131761,322076793,0.7,2845037138,0.7,10
131762,324331332,0.7,2864952398,0.7,10
131763,326601651,0.7,2885007065,0.7,10
131764,328887861,0.7,2905202114,0.7,10
131765,331190076,0.7,2925538529,0.7,10
131766,333508407,0.7,2946017299,0.7,10
131767,335842965,0.7,2966639420,0.7,10
131768,338193867,0.7,2987405896,0.7,10
131769,340561224,0.7,3008317737,0.7,10
131770,342945153,0.7,3029375961,0.7,10
131771,345345768,0.7,3050581593,0.7,10
131772,347763189,0.7,3071935664,0.7,10
131773,350197530,0.7,3093439214,0.7,10
131774,352648914,0.7,3115093288,0.7,10
131775,355117455,0.7,3136898941,0.7,10
131776,357603279,0.7,3158857234,0.7,10
131777,360106500,0.7,3180969235,0.7,10
131778,362627247,0.7,3203236019,0.7,10
131779,365165637,0.7,3225658671,0.7,10
131780,367721796,0.7,3248238282,0.7,10
131781,370295850,0.7,3270975950,0.7,10
131782,372887922,0.7,3293872782,0.7,10
131783,375498135,0.7,3316929891,0.7,10
131784,378126624,0.7,3340148400,0.7,10
131785,380773509,0.7,3363529439,0.7,10
131786,383438925,0.7,3387074145,0.7,10
131787,386122995,0.7,3410783664,0.7,10
131788,388825857,0.7,3434659150,0.7,10
131789,391547637,0.7,3458701764,0.7,10
131790,394288473,0.7,3482912676,0.7,10
131791,397048491,0.7,3507293065,0.7,10
131792,399827832,0.7,3531844117,0.7,10
131793,402626625,0.7,3556567025,0.7,10
131794,405445011,0.7,3581462995,0.7,10
131795,408283128,0.7,3606533236,0.7,10
131796,411141108,0.7,3631778968,0.7,10
131797,414019098,0.7,3657201421,0.7,10
131798,416917230,0.7,3682801831,0.7,10
131799,419835651,0.7,3708581444,0.7,10
131800,422774499,0.7,3734541514,0.7,10
131801,425733921,0.7,3760683304,0.7,10
131802,428714058,0.7,3787008088,0.7,10
131803,431715057,0.7,3813517144,0.7,10
131804,434737062,0.7,3840211764,0.7,10
131805,437780223,0.7,3867093247,0.7,10
131806,440844684,0.7,3894162899,0.7,10
131807,443930598,0.7,3921422040,0.7,10
131808,447038112,0.7,3948871994,0.7,10
131809,450167379,0.7,3976514098,0.7,10
131810,453318549,0.7,4004349696,0.7,10
131811,456491778,0.7,4032380144,0.7,10
131812,459687222,0.7,4060606805,0.7,10
131813,462905031,0.7,4089031053,0.7,10
131814,466145367,0.7,4117654270,0.7,10
131815,469408386,0.7,4146477850,0.7,10
131816,472694244,0.7,4175503195,0.7,10
131817,476003103,0.7,4204731718,0.7,10
131818,479335125,0.7,4234164840,0.7,10
131819,482690472,0.7,4263803993,0.7,10
131820,486069306,0.7,4293650621,0.7,10
131821,489471789,0.7,4323706176,0.7,10
131822,492898092,0.7,4353972119,0.7,10
131823,496348380,0.7,4384449924,0.7,10
131824,499822818,0.7,4415141073,0.7,10
131825,503321577,0.7,4446047061,0.7,10
131826,506844828,0.7,4477169390,0.7,10
131827,510392742,0.7,4508509576,0.7,10
131828,513965490,0.7,4540069143,0.7,10
131829,517563249,0.7,4571849627,0.7,10
131830,521186193,0.7,4603852574,0.7,10
131831,524834496,0.7,4636079542,0.7,10
131832,528508338,0.7,4668532099,0.7,10
131833,532207896,0.7,4701211824,0.7,10
131834,535933350,0.7,4734120307,0.7,10
131835,539684883,0.7,4767259149,0.7,10
131836,543462678,0.7,4800629963,0.7,10
131837,547266918,0.7,4834234373,0.7,10
131838,551097786,0.7,4868074013,0.7,10
131839,554955471,0.7,4902150531,0.7,10
131840,558840159,0.7,4936465585,0.7,10
131841,562752039,0.7,4971020844,0.7,10
131842,566691303,0.7,5005817990,0.7,10
131843,570658143,0.7,5040858716,0.7,10
131844,574652751,0.7,5076144727,0.7,10
131845,578675319,0.7,5111677740,0.7,10
131846,582726048,0.7,5147459484,0.7,10
131847,586805130,0.7,5183491701,0.7,10
131848,590912766,0.7,5219776143,0.7,10
131849,595049154,0.7,5256314576,0.7,10
131850,599214498,0.7,5293108778,0.7,10
131851,603408999,0.7,5330160539,0.7,10
131852,607632864,0.7,5367471663,0.7,10
131853,611886294,0.7,5405043964,0.7,10
131854,616169496,0.7,5442879272,0.7,10
131855,620482683,0.7,5480979427,0.7,10
131856,624826062,0.7,5519346283,0.7,10
131857,629199843,0.7,5557981707,0.7,10
131858,633604242,0.7,5596887579,0.7,10
131859,638039472,0.7,5636065792,0.7,10
131860,642505749,0.7,5675518253,0.7,10
131861,647003289,0.7,5715246880,0.7,10
131862,651532314,0.7,5755253609,0.7,10
131863,656093040,0.7,5795540384,0.7,10
131864,660685689,0.7,5836109166,0.7,10
131865,665310489,0.7,5876961931,0.7,10
131866,669967662,0.7,5918100664,0.7,10
131867,674657436,0.7,5959527369,0.7,10
131868,679380039,0.7,6001244060,0.7,10
131869,684135699,0.7,6043252769,0.7,10
131870,688924650,0.7,6085555538,0.7,10
131871,693747123,0.7,6128154427,0.7,10
131872,698603352,0.7,6171051508,0.7,10
131873,703493574,0.7,6214248868,0.7,10
131874,708418029,0.7,6257748611,0.7,10
131875,713376957,0.7,6301552851,0.7,10
131876,718370595,0.7,6345663721,0.7,10
131877,723399189,0.7,6390083367,0.7,10
131878,728462982,0.7,6434813950,0.7,10
131879,733562223,0.7,6479857648,0.7,10
131880,738697161,0.7,6525216652,0.7,10
131881,743868039,0.7,6570893168,0.7,10
131882,749075115,0.7,6616889420,0.7,10
131883,754318641,0.7,6663207646,0.7,10
131884,759598872,0.7,6709850100,0.7,10
131885,764916066,0.7,6756819051,0.7,10
131886,770270478,0.7,6804116784,0.7,10
131887,775662372,0.7,6851745601,0.7,10
131888,781092006,0.7,6899707821,0.7,10
131889,786559650,0.7,6948005775,0.7,10
131890,792065568,0.7,6996641816,0.7,10
131891,797610027,0.7,7045618308,0.7,10
131892,803193297,0.7,7094937637,0.7,10
131893,808815651,0.7,7144602200,0.7,10
131894,814477362,0.7,7194614415,0.7,10
131895,820178703,0.7,7244976716,0.7,10
131896,825919953,0.7,7295691553,0.7,10
131897,831701394,0.7,7346761394,0.7,10
131898,837523302,0.7,7398188724,0.7,10
131899,843385965,0.7,7449976045,0.7,10
131900,849289668,0.7,7502125877,0.7,10
131901,855234696,0.7,7554640759,0.7,10
131902,861221337,0.7,7607523244,0.7,10
131903,867249888,0.7,7660775907,0.7,10
131904,873320637,0.7,7714401338,0.7,10
131905,879433881,0.7,7768402147,0.7,10
131906,885589917,0.7,7822780962,0.7,10
131907,891789048,0.7,7877540429,0.7,10
131908,898031571,0.7,7932683212,0.7,10
131909,904317792,0.7,7988211995,0.7,10
131910,910648017,0.7,8044129478,0.7,10
131911,917022552,0.7,8100438385,0.7,10
131912,923441709,0.7,8157141454,0.7,10
131913,929905803,0.7,8214241444,0.7,10
131914,936415143,0.7,8271741134,0.7,10
131915,942970050,0.7,8329643322,0.7,10
131916,949570839,0.7,8387950825,0.7,10
131917,956217834,0.7,8446666481,0.7,10
131918,962911359,0.7,8505793146,0.7,10
131919,969651741,0.7,8565333698,0.7,10
131920,976439301,0.7,8625291034,0.7,10
131921,983274378,0.7,8685668071,0.7,10
131922,990157296,0.7,8746467748,0.7,10
131923,997088400,0.7,8807693022,0.7,10
131924,1004068017,0.7,8869346873,0.7,10
131925,1011096492,0.7,8931432301,0.7,10
131926,1018174170,0.7,8993952327,0.7,10
131927,1025301387,0.7,9056909994,0.7,10
131928,1032478497,0.7,9120308364,0.7,10
131929,1039705848,0.7,9184150522,0.7,10
131930,1046983788,0.7,9248439576,0.7,10
131931,1054312674,0.7,9313178653,0.7,10
131932,1061692863,0.7,9378370903,0.7,10
131933,1069124712,0.7,9444019500,0.7,10
131934,1076608587,0.7,9510127636,0.7,10
131935,1084144848,0.7,9576698530,0.7,10
131936,1091733861,0.7,9643735419,0.7,10
131937,1099375998,0.7,9711241567,0.7,10
131938,1107071631,0.7,9779220258,0.7,10
131939,1114821132,0.7,9847674800,0.7,10
131940,1122624879,0.7,9916608524,0.7,10
131941,1130483253,0.7,9986024783,0.7,10
131942,1138396635,0.7,10055926957,0.7,10
131943,1146365412,0.7,10126318446,0.7,10
131944,1154389971,0.7,10197202675,0.7,10
131945,1162470699,0.7,10268583093,0.7,10
131946,1170607995,0.7,10340463175,0.7,10
131947,1178802252,0.7,10412846417,0.7,10
131948,1187053866,0.7,10485736342,0.7,10
131949,1195363245,0.7,10559136497,0.7,10
131950,1203730785,0.7,10633050452,0.7,10
131951,1212156903,0.7,10707481805,0.7,10
131952,1220642001,0.7,10782434178,0.7,10
131953,1229186493,0.7,10857911217,0.7,10
131954,1237790799,0.7,10933916596,0.7,10
131955,1246455336,0.7,11010454012,0.7,10
131956,1255180521,0.7,11087527190,0.7,10
131957,1263966786,0.7,11165139880,0.7,10
131958,1272814554,0.7,11243295859,0.7,10
131959,1281724257,0.7,11321998930,0.7,10
131960,1290696324,0.7,11401252923,0.7,10
131961,1299731199,0.7,11481061693,0.7,10
131962,1308829317,0.7,11561429125,0.7,10
131963,1317991122,0.7,11642359129,0.7,10
131964,1327217061,0.7,11723855643,0.7,10
131965,1336507581,0.7,11805922633,0.7,10
131966,1345863135,0.7,11888564091,0.7,10
131967,1355284176,0.7,11971784040,0.7,10
131968,1364771166,0.7,12055586528,0.7,10
131969,1374324564,0.7,12139975634,0.7,10
131970,1383944835,0.7,12224955463,0.7,10
131971,1393632450,0.7,12310530151,0.7,10
131972,1403387877,0.7,12396703862,0.7,10
131973,1413211590,0.7,12483480789,0.7,10
131974,1423104072,0.7,12570865155,0.7,10
131975,1433065800,0.7,12658861211,0.7,10
131976,1443097260,0.7,12747473239,0.7,10
131977,1453198941,0.7,12836705552,0.7,10
131978,1463371335,0.7,12926562491,0.7,10
131979,1473614934,0.7,13017048428,0.7,10
131980,1483930239,0.7,13108167767,0.7,10
131981,1494317751,0.7,13199924942,0.7,10
131982,1504777974,0.7,13292324416,0.7,10
131983,1515311421,0.7,13385370687,0.7,10
131984,1525918599,0.7,13479068282,0.7,10
131985,1536600030,0.7,13573421760,0.7,10
131986,1547356230,0.7,13668435712,0.7,10
131987,1558187724,0.7,13764114762,0.7,10
131988,1569095037,0.7,13860463566,0.7,10
131989,1580078703,0.7,13957486811,0.7,10
131990,1591139253,0.7,14055189218,0.7,10
131991,1602277230,0.7,14153575543,0.7,10
131992,1613493171,0.7,14252650572,0.7,10
131993,1624787622,0.7,14352419126,0.7,10
131994,1636161135,0.7,14452886060,0.7,10
131995,1647614262,0.7,14554056262,0.7,10
131996,1659147564,0.7,14655934656,0.7,10
131997,1670761596,0.7,14758526198,0.7,10
131998,1682456928,0.7,14861835882,0.7,10
131999,1694234127,0.7,14965868733,0.7,10
132000,1706093766,0.7,15070629814,0.7,10